USAToday NBA Salaries 2008-09,,,,,,,,
,,,,,,,,
Last Name,First Name,City,Team,Annual Salary,Contract Yrs,Contract Amt,Contract Thru,Position
  Bibby, Mike,Atlanta,Hawks,14983603,1,14983603,2008-09,G
  Brand, Elton,Philadelphia,76ers,13757844,5,82170000,2012-13,F
  Bryant, Kobe,Los Angeles,Angeles,21262500,7,136400000,2010-11 (p),G
  Duncan, Tim,San Antonio,Spurs,20598704,2,40000000,2008-09,F-C
  Ellis, Monta,Golden State,Warriors,11000000,6,66000000,2013-14,G
  LaFrentz, Raef,Portland,Trail Blazers,12722500,7,69974000,2008-09,C-F
  Martin, Kenyon,Denver,Nuggets,14431818,7,91000000,2010-11,F
  Murphy, Troy,Indiana,Pacers,10126984,6,58000000,2010-11,F-C
  Redd, Michael,Milwaukee,Bucks,15780000,6,90000000,2010-11 (p),G
  Stojakovic, Peja,New Orleans,Hornets,12528000,5,64000000,2010-11,F
  Wallace, Ben,Cleveland,Cavaliers,14500000,4,60000000,2009-10,F-C
   Abdur-Rahim, Shareef,Sacramento,Kings,6200000,2,12800000,2009-10,F
   Acker, Alex,Los Angeles,Clippers,711517,1,711517,2008-09,G
   Adam, Morrison,Los Angeles,Angeles,4159200,2,7504560,2007-08,F
   Adams , Hassan,Los Angeles,Clippers,301348,1,301348,2008-09,G
   Afflalo, Arron,Detroit,Pistons,1015440,5,5952253,2011-12 (t),G
   Ager , Maurice,New Jersey,Nets,1042440,4,4800000,2009-10 (t),F-G
   Ahearn, Blake,San Antonio,Spurs,205084,1,205084,2008-09,G
   Ajinca, Alexis,Charlotte,Bobcats,1276320,5,9623114,2012-13,C
   Aldridge , LaMarcus,Portland,Trail Blazers,4631400,4,18833000,2009-10 (t),F-C
   Alexander, Joe,Milwaukee,Bucks,2403120,5,16003932,2012-13,F
   Allen, Ray,Boston,Celtics,18388430,5,80000000,2009-10,G
   Allen, Tony,Boston,Celtics,2500000,5,5000000,2009-10,G
   Allen, Malik,Milwaukee,Bucks,1500000,2,3000000,2009-10,F
   Almond, Morris,Utah,Jazz,1081440,3,2087400,2009-10,G
   Alston, Rafer,Houston,Rockets,4900000,6,26250000,2009-10,G
   Amundson , Louis,Phoenix,Suns,797581,1,687456,2007-08(t),F
   Andersen, Chris,Denver,Nuggets,998000,1,998000,2008-09,F-C
   Anderson, Ryan,New Jersey,Nets,1225200,5,9430431,2012-13,F
   Anthony, Carmelo,Denver,Nuggets,14410581,5,80000000,2011-12,F
   Anthony, Joel,Miami,Heat,711517,3,1138680,2009-10,C
   Ariza, Trevor,Los Angeles,Angeles,3100000,3,9300000,2008-09 (p),F
   Armstrong , Hilton,New Orleans,Hornets,2032800,4,8502000,2009-10 (t),C-F
   Artest, Ron,Houston,Rockets,7400000,6,42000000,2008-09 (p),F
   Arthur, Darrell,Memphis,Grizzlies,977160,5,8184656,2012-13,F
   Atkins, Chucky,Oklahoma City,Thunder,3240000,2,6600000,2008-09 (t),G
   Augustin, D.J.,Charlotte,Bobcats,2208960,5,14745926,2012-13,G
   Azubuike , Kelenna,Golden State,Warriors,2900000,3,9000000,2010-11,F-G
   Balkman , Renaldo,Denver,Nuggets,1369920,4,5870000,2009-10 (t),F
   Banks, Marcus,Toronto,Raptors,4260000,5,21000000,2010-11,G
   Barbosa, Leandro,Phoenix,Suns,6100000,5,33000000,2010-11 (p),G
   Barea , Jose Juan,Dallas,Mavericks,1500000,3,5000000,2010-11,G
   Bargnani , Andrea,Toronto,Raptors,5176440,4,21044000,2009-10 (t),C-F
   Barnes, Matt,Phoenix,Suns,1200000,1,3000000,2007-08,F
   Barry, Brent,Houston,Rockets,1910000,2,3900000,2009-10,G
   Bass, Brandon,Dallas,Mavericks,826269,1,770610,2007-08,F
   Baston, Maceo,Indiana,Pacers,1976400,2,3800000,2008-09,F
   Battier, Shane,Houston,Rockets,6373900,6,36800000,2010-11,F
   Batum, Nicolas,Portland,Trail Blazers,1040640,5,8677636,2012-13,F
   Bayless, Jerryd,Portland,Trail Blazers,1993560,5,13636402,2012-13,G
   Beasley, Michael,Memphis,Grizzlies,359670,1,359670,2008-09,G
   Beasley, Michael,Miami,Heat,4314960,5,28350510,2012-13,F
   Belinelli, Marco,Golden State,Warriors,1446720,5,7717764,2011-12 (t),G
   Bell, Charlie,Milwaukee,Bucks,3354480,5,18500000,2011-12,G
   Bell, Raja,Charlotte,Bobcats,5000000,5,24000000,2009-10,G
   Biedrins, Andris,Golden State,Warriors,9000000,3,62000000,2013-14,C
   Billups, Chauncey,Denver,Nuggets,11050000,5,60000000,2011-12,G
   Blake, Steve,Portland,Trail Blazers,4590000,3,12000000,2009-10,G
   Blatche, Andray,Washington,Wizards,2739669,4,12000000,2010-11,C
   Blount, Mark,Miami,Heat,8513916,6,38500000,2009-10,C-F
   Bogans, Keith,Milwaukee,Bucks,2550000,3,8000000,2008-09,G-F
   Bogut, Andrew,Milwaukee,Bucks,6294307,5,72500000,2012-13,C
   Bonner, Matt,San Antonio,Spurs,2983500,3,9000000,2009-10,C
   Boone , Josh,New Jersey,Nets,1212120,4,5456000,2009-10 (t),C
   Booth, Calvin,Minnesota,Timberwolves,1147533,1,1103225,2007-08,C
   Boozer, Carlos,Utah,Jazz,11593817,6,70000000,2008-09 (p),F
   Bosh, Chris,Toronto,Raptors,14410581,4,63000000,2011-12 (p),F
   Bowen, Bruce,San Antonio,Spurs,4000000,2,8000000,2008-09,F
   Bowen, Ryan,New Orleans,Hornets,797581,1,1033930,2008-09,F
   Brewer, Corey,Minnesota,Timberwolves,2725920,5,13144116,2011-12 (t),F-G
   Brewer , Ronnie,Utah,Jazz,1834680,4,7862000,2009-10,G
   Brooks, Aaron,Houston,Rockets,1045560,5,6113436,2011-12,G
   Brown, Kwame,Detroit,Pistons,4000000,2,8000000,2009-10,C
   Brown, Bobby,Sacramento,Kings,442114,2,1178534,2009-10,G
   Brown, Devin,New Orleans,Hornets,998398,1,1200000,2007-08 (t),G-F
   Brown, Bobby,Oklahoma City,Thunder,32842,1,32842,2008-09,G
   Brown , Shannon,Los Angeles,Angeles,797581,4,5140000,2009-10 (t),G
   Brown , Dee,Phoenix,Suns,242753,1,242753,2008-09,G
   Brown , Andre,Charlotte,Bobcats,107908,1,107908,2008-09,F
   Buckner, Greg,Memphis,Grizzlies,4010005,5,29500000,2010-11 (p),G
   Butler, Caron,Washington,Wizards,9249980,6,48450000,2010-11,F
   Butler, Rasual,New Orleans,Hornets,3630000,4,14000000,2009-10,G-F
   Bynum, Andrew,Los Angeles,Angeles,2769300,4,58000000,2011-12,C
   Bynum, Will,Detroit,Pistons,711517,2,1537014,2009-10,G
   Calderon, Jose,Toronto,Raptors,7348018,5,40000000,2012-13,G
   Camby, Marcus,Los Angeles,Clippers,10000000,6,35100000,2009-10,C-F
   Cardinal, Brian,Minnesota,Timberwolves,6300000,6,36800000,2009-10,F
   Carney , Rodney,Minnesota,Timberwolves,1655760,4,7183000,2009-10 (t),F
   Carroll, Matt,Dallas,Mavericks,5050000,6,27000000,2011-12,G
   Carter, Anthony,Denver,Nuggets,1147533,1,770610,2007-08,G
   Carter, Vince,New Jersey,Nets,14724125,5,78000000,2011-12,G
   Cassell, Sam,Sacramento,Kings,1262275,2,13000000,2007-08,G
   Chalmers, Mario,Miami,Heat,700000,3,2310839,2010-11,G
   Chandler, Wilson,New York,Knicks,1173480,5,6620411,2011-12 (t),F
   Chandler, Tyson,New Orleans,Hornets,11400000,6,64000000,2010-11,C
   Claxton, Speedy,Atlanta,Hawks,5757818,4,25000000,2010-11,G
   Collins, Jarron,Utah,Jazz,2074302,3,7000000,2008-09,C
   Collins, Jason,Minnesota,Timberwolves,6200000,5,25000000,2008-09,C
   Collins , Mardy,Los Angeles,Clippers,1034760,4,4770000,2009-10 (t),G
   Collison, Nick,Oklahoma City,Thunder,6250000,4,26000000,2010-11,F-C
   Conley, Mike,Memphis,Grizzlies,3630480,4,19907543,2011-12,G
   Cook, Brian,Orlando,Magic,3500000,3,10500000,2009-10 (p),F
   Cook, Daequan,Miami,Heat,1273200,5,6946484,2011-12,G
   Crawford, Jamal,Golden State,Warriors,8640000,7,55440000,2009-10 (p),G
   Croshere, Austin,San Antonio,Spurs,601436,1,601436,2008-09,F
   Curry, Eddy,New York,Knicks,9723983,6,60000000,2009-10 (p),C
   Curry, JamesOn,Chicago,Bulls,100000,1,100000,2008-09,G
   Dalembert, Samuel,Philadelphia,76ers,11138564,6,58000000,2010-11,C
   Dampier, Erick,Dallas,Mavericks,11553000,7,73000000,2010-11,C
   Daniels, Marquis,Indiana,Pacers,6864200,6,36750000,2009-10 (t),G
   Daniels, Antonio,New Orleans,Hornets,6200000,5,30000000,2009-10,G
   Davidson, Jermareo,Golden State,Warriors,418539,2,1138680,2008-09,F
   Davis, Glen,Boston,Celtics,711517,3,1138680,2009-10,F
   Davis, Baron,Los Angeles,Clippers,11250000,5,65000000,2012-13,G
   Davis, Ricky,Los Angeles,Clippers,2300000,2,4700000,2009-10,F-G
   Davis , Paul,Los Angeles,Clippers,797581,1,797581,2008-09,C
   Deng, Luol,Chicago,Bulls,9385000,4,81000000,2013-14,F
   Diaw, Boris,Charlotte,Bobcats,9000000,5,45000000,2011-12 (p),F-C
   Diawara , Yakhouba,Miami,Heat,800000,2,1100000,2007-08,F-G
   Diener, Travis,Indiana,Pacers,1620000,3,4900000,2009-10 (p),G
   Diogu, Ike,Portland,Trail Blazers,2912822,4,9325000,2008-09 (t),F
   Diop, DeSagana,Charlotte,Bobcats,5585000,5,34000000,2012-13,C
   Dixon, Juan,Washington,Wizards,998398,3,8000000,2007-08,G
   Dooling, Keyon,New Jersey,Nets,3300000,3,10500000,2010-11,G
   Dorsey, Joey,Memphis,Grizzlies,9000000,3,26250000,2009-10,F
   Dorsey, Joey,Houston,Rockets,816500,4,3657920,2011-12,F
   Douby , Quincy,Sacramento,Kings,1427040,4,6120000,2009-10 (t),G
   Douglas-Roberts, Chris,Philadelphia,76ers,1573000,2,3102873,2008-09,F
   Douglas-Roberts, Chris,New Jersey,Nets,442000,2,1178000,2009-10,G
   Dowell, Dion,Golden State,Warriors,25000,1,25000,2008-09,G
   Dragic, Goran,Phoenix,Suns,1700000,4,7616000,2011-12,G
   Dudley, Jared,Phoenix,Suns,1222320,5,6781706,2010-11 (t),F
   Duhon, Chris,New York,Knicks,5585000,2,12000000,2009-10,G
   Dunleavy, Mike,Indiana,Pacers,9000000,5,45000000,2010-11,F-G
   Durant, Kevin,Oklahoma City,Thunder,4484040,5,21352150,2010-11 (t),F-G
   Elson, Francisco,Oklahoma City,Thunder,1700000,2,6000000,2007-08,C-F
   Ely, Melvin,New Orleans,Hornets,998398,1,895341,2007-08,C-F
   Evans, Reggie,Philadelphia,76ers,4640000,5,23000000,2010-11,F
   Evans, Maurice,Atlanta,Hawks,2500000,3,7500000,2010-11,F-G
   Farmar , Jordan,Los Angeles,Angeles,1080000,4,4976000,2009-10 (t),G
   Farmer, Desmon,San Antonio,Spurs,83708,1,83708,2008-09,G
   Felton, Raymond,Charlotte,Bobcats,4148715,4,13330000,2008-09 (t),G
   Fernandez, Rudy,Portland,Trail Blazers,1047840,5,8568268,2012-13,G-F
   Fesenko, Kyrylo,Utah,Jazz,810000,4,2430000,2010-11 (t),C
   Finley, Michael,San Antonio,Spurs,2500000,2,5000000,2009-10,F-G
   Fisher, Derek,Los Angeles,Angeles,4700000,3,14000000,2009-10,G
   Ford, T.J.,Indiana,Pacers,8275000,4,33000000,2010-11 (p),G
   Foster, Jeff,Indiana,Pacers,5500000,6,30000000,2008-09,C
   Foye , Randy,Minnesota,Timberwolves,2815560,4,11471000,2009-10 (t),G
   Foyle, Adonal,Orlando,Magic,8200000,2,7600000,2009-10,C
   Frye, Channing,Portland,Trail Blazers,3163769,4,10140000,2008-09,F-C
   Gadzuric, Dan,Milwaukee,Bucks,6250195,6,36000000,2010-11,C
   Gallinari, Danilo,New York,Knicks,2873520,5,19047005,2012-13,F
   Garbajosa , Jorge,Toronto,Raptors,4250000,3,12000000,2008-09,F
   Garcia, Francisco,Sacramento,Kings,1983453,5,30000000,2012-13,G-F
   Gardner, Thomas,Atlanta,Hawks,711517,1,711517,2008-09,G
   Garnett, Kevin,Boston,Celtics,24751934,5,100000000,2008-09 (p),F
   Gasol, Pau,Los Angeles,Angeles,15106000,6,86000000,2010-11,F-C
   Gasol, Marc,Memphis,Grizzlies,3093333,3,10000000,2010-11,C
   Gay , Rudy,Memphis,Grizzlies,2579400,4,10541000,2009-10 (t),F
   George, Devean,Dallas,Mavericks,1600000,2,4000000,2009-10,F
   Gibson , Daniel,Cleveland,Cavaliers,3700000,5,20800000,2012-13,G
   Giddens, J.R.,Boston,Celtics,957120,5,8053278,2012-13,G
   Ginobili, Manu,San Antonio,Spurs,9905248,6,52000000,2009-10,G
   Gomes, Ryan,Minnesota,Timberwolves,3500000,5,20500000,2012-13,F
   Gooden, Drew,Chicago,Bulls,7151183,3,23000000,2008-09,F-C
   Gordon, Ben,Chicago,Bulls,6404749,4,15712000,2007-08 (t),G
   Gordon, Eric,Los Angeles,Clippers,2623200,5,17428561,2012-13,G
   Gortat, Marcin,Orlando,Magic,711517,3,1138680,2009-10,F-C
   Graham, Joey,Toronto,Raptors,2449184,4,6930000,2008-09 (t),F
   Graham, Stephen,Indiana,Pacers,826269,1,770610,2007-08,F
   Granger, Danny,Indiana,Pacers,2329805,5,65000000,2012-13,F-G
   Gray, Aaron,Chicago,Bulls,711517,3,1138680,2009-10,C
   Green, Gerald,Dallas,Mavericks,826269,4,6260000,2008-09 (t),G
   Green, Willie,Philadelphia,76ers,3388000,5,17000000,2010-11,G
   Green, Jeff,Oklahoma City,Thunder,3284640,5,15768441,2010-11,F
   Greene, Donte,Sacramento,Kings,971160,5,8151581,2012-13,F
   Greg, Oden,Portland,Trail Blazers,5011680,5,23823601,2011-12 (t),C
   Haddadi, Hamed,Memphis,Grizzlies,1572221,3,4800000,2010-11,C
   Hairston, Malik,San Antonio,Spurs,299077,1,299077,2008-09,G
   Hamilton, Richard,Detroit,Pistons,10812500,3,34000000,2011-12,G
   Harpring, Matt,Utah,Jazz,6000000,4,25000000,2009-10,F
   Harrington, Al,New York,Knicks,9226550,4,35300000,2009-10 (p),F
   Harris, Devin,New Jersey,Nets,7800000,3,12837000,2007-08,G
   Hart, Jason,Los Angeles,Clippers,2484000,2,5000000,2008-09,G
   Haslem, Udonis,Miami,Heat,6575000,5,30700000,2009-10,F-C
   Hassell, Trenton,New Jersey,Nets,4350000,6,26000000,2009-10 (p),F
   Hawes, Spencer,Sacramento,Kings,2180760,5,10593184,2011-12 (t),F-C
   Hayes, Chuck,Houston,Rockets,1933750,1,1500000,2007-08 (t),F
   Hayes, Jarvis,New Jersey,Nets,1910000,2,4000000,2009-10,F
   Haywood, Brendan,Washington,Wizards,5500000,5,25000000,2009-10,C
   Head, Luther,Houston,Rockets,1962378,4,5109000,2008-09,G
   Hendrix, Richard,Golden State,Warriors,442114,1,442114,2008-09,F
   Herrmann , Walter,Detroit,Pistons,2000000,2,3744000,2007-08,F
   Hibbert, Roy,Indiana,Pacers,1465440,5,10969759,2012-13,C
   Hickson, J.J.,Cleveland,Cavaliers,1329480,5,9999706,2012-13,F
   Hilario, Nene,Denver,Nuggets,9680000,4,43160000,2011-12,C-F
   Hill, Grant,Phoenix,Suns,1976400,2,3800000,2008-09,F-G
   Hill, George,San Antonio,Spurs,1006200,5,8400866,2012-13,G
   Hill, Steven,Oklahoma City,Thunder,423909,1,423909,2008-09,C
   Hinrich, Kirk,Chicago,Bulls,10000000,5,47500000,2010-11,G
   Hollins , Ryan,Dallas,Mavericks,972581,2,1100000,2007-08,C
   Horford, Al,Atlanta,Hawks,4023720,3,12080160,2009-10,C-F
   House, Eddie,Boston,Celtics,2700000,2,5600000,2009-10,G
   Howard, Josh,Dallas,Mavericks,9945000,4,40000000,2010-11 (t),F-G
   Howard, Dwight,Orlando,Magic,13041250,5,80000000,2011-12,C
   Howard, Juwan,Charlotte,Bobcats,6286548,6,36900000,2008-09 (p),F
   Hudson, Troy,Minnesota,Timberwolves,5041000,6,34670000,2009-10,G
   Hughes, Larry,Chicago,Bulls,12827676,5,60000000,2009-10,F
   Humphries, Kris,Toronto,Raptors,3200000,3,9000000,2009-10 (p),F
   Hunter, Othello,Orlando,Magic,5746000,4,22000000,2009-10,C-F
   Hunter, Lindsey,Chicago,Bulls,1136048,2,4500000,2007-08,G
   Hunter, Othello,Atlanta,Hawks,442114,1,442114,2008-09,F
   Hunter, Steven,Denver,Nuggets,3862600,5,16500000,2009-10,F-C
   Iguodala, Andre,Philadelphia,76ers,11300000,6,80000000,2013-14,G-F
   Ilgauskas, Zydrunas,Cleveland,Cavaliers,10841615,5,55000000,2009-10,C
   Ivey, Royal,Philadelphia,76ers,854957,1,770610,2007-08,G
   Jack, Jarrett,Indiana,Pacers,2002623,4,5420000,2008-09 (t),G
   Jackson, Darnell,Cleveland,Cavaliers,442114,2,1178534,2009-10,F
   Jackson, Bobby,Sacramento,Kings,6090000,3,17010000,2008-09,G
   Jackson, Stephen,Golden State,Warriors,7140000,3,28000000,2010-11,F-G
   James, Jerome,New York,Knicks,6200000,5,30000000,2009-10 (p),C
   James, LeBron,Cleveland,Cavaliers,14410581,4,63000000,2009-10 (p),F
   James, Mike,Washington,Wizards,6244083,4,23400000,2009-10,G
   Jamison, Antawn,Washington,Wizards,9923285,4,50000000,2011-12,F
   Jaric, Marko,Memphis,Grizzlies,6575000,6,40000000,2010-11,G
   Jason, Maxiell,Detroit,Pistons,1877752,4,20000000,2011-12,F
   Jawai, Nathan,Toronto,Raptors,442114,2,1178534,2009-10,F
   Jefferson, Richard,Milwaukee,Bucks,13200000,6,76000000,2010-11 (p),F
   Jefferson, Al,Minnesota,Timberwolves,11000000,5,65000000,2011-12,C-F
   Jeffries, Jared,New York,Knicks,6049400,5,30000000,2010-11,C-F
   Jianlian, Yi,New Jersey,Nets,2986080,4,15634345,2011-12,F
   Johnson, Amir,Detroit,Pistons,3666667,3,11000000,2009-10,F
   Johnson, Anthony,Orlando,Magic,1900000,2,3800000,2009-10,G
   Johnson, Joe,Atlanta,Hawks,14232566,5,70000000,2009-10,G
   Johnson, Linton,Charlotte,Bobcats,125379,1,125379,2008-09,F
   Johnson , Alexander,Miami,Heat,797581,1,797581,2008-09,F
   Jones, Dwayne,Orlando,Magic,826969,1,770610,2007-08,F-C
   Jones, Damon,Milwaukee,Bucks,4460186,4,16100000,2008-09,G
   Jones, Eddie,Indiana,Pacers,1976400,2,4000000,2008-09,G-F
   Jones, Dahntay,Denver,Nuggets,926678,1,626823,2007-08,G-F
   Jones, Fred,Los Angeles,Clippers,616658,3,11000000,2008-09,G
   Jones, James,Miami,Heat,4000000,4,11000000,2008-09 (p),F
   Jones , Solomon,Atlanta,Hawks,797581,3,2202000,2008-09,F
   Jordan, DeAndre,Los Angeles,Clippers,550000,3,2140809,2010-11,C
   Kaman, Chris,Los Angeles,Clippers,9500000,5,52500000,2011-12,C
   Kapono, Jason,Toronto,Raptors,5784480,4,24000000,2010-11 (p),G-F
   Kinsey , Tarence,Cleveland,Cavaliers,797581,2,1100000,2007-08,G
   Kirilenko, Andrei,Utah,Jazz,15106000,6,86000000,2010-11,F
   Kleiza, Linas,Denver,Nuggets,1824493,4,4661000,2008-09 (t),F-G
   Knight, Brevin,Utah,Jazz,2000000,2,4000000,2008-09,G
   Korver, Kyle,Utah,Jazz,4881818,6,27000000,2010-11,G-F
   Koufos, Kosta,Utah,Jazz,1129320,5,9052309,2012-13,C
   Krstic, Nenad,Oklahoma City,Thunder,4778548,3,15600000,2010-11,C
   Kurz, Rob,Golden State,Warriors,425939,1,425939,2008-09,F
   Landry, Carl,Houston,Rockets,3000000,3,9000000,2010-11,F
   Lasme, Stephane,Miami,Heat,300000,1,300000,2008-09,F
   Law, Acie,Atlanta,Hawks,2071680,3,6214920,2009-10,G
   Lee, David,New York,Knicks,1788033,4,4566000,2008-09 (t),C-F
   Lee, Courtney,Orlando,Magic,1176240,5,9240347,2012-13,G
   Lewis, Rashard,Orlando,Magic,16447871,6,118200000,2012-13,F
   Lopez, Robin,Phoenix,Suns,1623720,5,12101079,2012-13,C-F
   Lopez, Brook,New Jersey,Nets,2098560,5,14035594,2012-13,C
   Love, Kevin,Minnesota,Timberwolves,3163680,5,20925164,2012-13,F
   Lowry , Kyle,Memphis,Grizzlies,1163520,4,5298000,2009-10,G
   Lue, Tyronn,Milwaukee,Bucks,2500000,3,11340000,2007-08,G
   Madsen, Mark,Minnesota,Timberwolves,2630000,5,10000000,2009-10,F
   Maggette, Corey,Golden State,Warriors,8600000,5,50000000,2012-13,F
   Magloire, Jamaal,Miami,Heat,1141838,1,3750000,2007-08,C
   Mahinmi, Ian,San Antonio,Spurs,841000,5,5118179,2011-12 (t),C
   Marbury, Stephon,New York,Knicks,20840625,4,76000000,2008-09,G
   Marion, Shawn,Toronto,Raptors,17810000,6,79000000,2008-09,F
   Marks, Sean,New Orleans,Hornets,1141838,1,770610,2007-08,F-C
   Marshall, Donyell,Philadelphia,76ers,5950894,4,22000000,2008-09,F
   Martin, Kevin,Sacramento,Kings,9260335,5,50000000,2011-12,G
   Martin, Cartier,Charlotte,Bobcats,26007,1,26007,2008-09,F
   Mason, Roger,San Antonio,Spurs,3500000,2,7000000,2009-10,G
   Mason, Desmond,Oklahoma City,Thunder,5400000,2,11000000,2008-09,G-F
   Mayo, O.J.,Memphis,Grizzlies,3875040,5,30362210,2012-13,G
   Mbah a Moute, Luc,Milwaukee,Bucks,442114,3,2032923,2010-11,F
   Mbenga, D.J.,Los Angeles,Angeles,880658,3,5300000,2008-09,C
   McCants, Rashad,Minnesota,Timberwolves,2620126,4,7581406,2008-09 (t),G
   McDyess, Antonio,Detroit,Pistons,6813050,2,14500000,2008-09,F-C
   McGee, JaVale,Washington,Wizards,1392240,5,10446465,2012-13,C-F
   McGrady, Tracy,Houston,Rockets,19614000,4,80282000,2009-10,G
   McGuire, Dominic,Washington,Wizards,711517,4,1964177,2010-11,F
   McRoberts, Josh,Indiana,Pacers,711517,3,1138680,2008-09,F
   Mihm, Chris,Los Angeles,Angeles,2500000,2,5000000,2008-09,C
   Miles, C.J.,Utah,Jazz,3700000,4,15000000,2011-12,F-G
   Milicic, Darko,Memphis,Grizzlies,7020000,3,21000000,2009-10,C-F
   Miller, Andre,Philadelphia,76ers,10233333,6,51000000,2008-09,G
   Miller, Brad,Sacramento,Kings,11375000,7,67000000,2009-10,C
   Miller, Mike,Minnesota,Timberwolves,9128575,6,47250000,2009-10,G-F
   Millsap , Paul,Utah,Jazz,797581,3,2110000,2008-09,F
   Mobley, Cuttino,New York,Knicks,8425000,5,42000000,2009-10,G
   Mohammed, Nazr,Charlotte,Bobcats,6049400,5,31000000,2010-11 (t),C
   Moon, Jamario,Toronto,Raptors,711517,3,1138680,2009-10,F
   Moore, Mikki,Sacramento,Kings,5784480,3,18000000,2009-10,F-C
   Morris , Randolph,Atlanta,Hawks,797581,1,797581,2008-09,C
   Morrow, Anthony,Golden State,Warriors,442114,2,1178534,2009-10,G
   Murray, Ronald,Atlanta,Hawks,1500000,1,1500000,2008-09,G
   Mutombo, Dikembe,Houston,Rockets,787066,1,770610,2007-08,C
   Najera, Eduardo,New Jersey,Nets,3250000,4,12000000,2011-12,F
   Nash, Steve,Phoenix,Suns,12250000,6,66000000,2009-10 (t),G
   Nelson, Jameer,Orlando,Magic,7600000,5,35000000,2011-12 (p),G
   Nelson, DeMarcus,Golden State,Warriors,182047,1,182047,2008-09,G
   Nesterovic, Rasho,Indiana,Pacers,8400000,6,42000000,2007-08,C
   Noah, Joakim,Chicago,Bulls,2295480,5,11115727,2011-12 (t),C-F
   Nocioni, Andres,Chicago,Bulls,8000000,5,37500000,2011-12 (t),F
   Novak , Steve,Los Angeles,Clippers,797581,3,2090000,2008-09 (t),F
   Nowitzki, Dirk,Dallas,Mavericks,18077904,3,60000000,2010-11 (p),F
   Oberto, Fabricio,San Antonio,Spurs,3600000,3,10500000,2009-10,C-F
   O'Bryant , Patrick,Toronto,Raptors,797581,4,9670000,2009-10 (t),C
   Odom, Lamar,Los Angeles,Angeles,14148596,6,71700000,2008-09,F
   Okafor, Emeka,Charlotte,Bobcats,9537500,6,72000000,2013-14,C-F
   Okur, Mehmet,Utah,Jazz,9000000,6,50000000,2009-20 (p),C-F
   Ollie, Kevin,Minnesota,Timberwolves,797581,5,15000000,2007-08,G
   O'Neal, Jermaine,Toronto,Raptors,21372000,7,126590000,2007-08 (p),C-F
   Outlaw, Travis,Portland,Trail Blazers,4000000,3,12000000,2009-10,F
   Pachulia, Zaza,Atlanta,Hawks,4000000,4,16000000,2008-09,C
   Padgett, David,Miami,Heat,35000,1,35000,2008-09,C
   Parker, Tony,San Antonio,Spurs,11550000,6,66000000,2010-11,G
   Parker, Smush,Miami,Heat,2430000,1,2430000,2008-09,G
   Parker , Anthony,Toronto,Raptors,4550000,3,12000000,2008-09,G
   Paul, Chris,New Orleans,Hornets,4574189,4,68000000,2011-12,G
   Pavlovic, Sasha,Cleveland,Cavaliers,4696250,2,9838750,2009-10,G-F
   Pecherov, Oleksiy,Washington,Wizards,1446720,5,7717764,2011-12 (t),C-F
   Perkins, Kendrick,Boston,Celtics,4078880,5,16000000,2010-11,C
   Perovic, Kosta,Golden State,Warriors,1944000,3,5000000,2009-10,C
   Peterson, Morris,New Orleans,Hornets,5400000,4,23000000,2010-11,G
   Petro, Johan,Denver,Nuggets,1939893,4,4960000,2008-09 (t),C
   Pierce, Paul,Boston,Celtics,18077903,5,59000000,2010-11,F
   Pietrus, Mickael,Orlando,Magic,4900000,4,21500000,2011-12,G-F
   Posey, James,New Orleans,Hornets,5585000,4,25000000,2011-12,F
   Powe , Leon,Boston,Celtics,797581,3,1917000,2008-09,F
   Powell, Josh,Los Angeles,Angeles,854957,1,800000,2007-08,F-C
   Price, Ronnie,Utah,Jazz,1188000,1,1100000,2007-08,G
   Prince, Tayshaun,Detroit,Pistons,9500000,6,49760000,2010-11,F
   Pruitt, Gabe,Boston,Celtics,711517,4,2187014,2010-11,G
   Przybilla, Joel,Portland,Trail Blazers,6310150,5,32000000,2010-11,C
   Quinn , Chris,Miami,Heat,972581,2,2000000,2009-10,G
   Radmanovic, Vladimir,Charlotte,Bobcats,6049400,5,31000000,2010-11,F
   Randolph, Anthony,Golden State,Warriors,1709280,5,12473314,2012-13,F
   Randolph, Zach,Los Angeles,Clippers,14666667,6,84000000,2010-11,F-C
   Randolph, Shavlik,Portland,Trail Blazers,826269,2,2080000,2007-08,F
   Ratliff, Theo,Philadelphia,76ers,1262375,3,36000000,2007-08,C
   Redick , J.J.,Orlando,Magic,2139720,4,8840000,2009-10 (t),G
   Richards, Jason,Miami,Heat,442114,6,70000000,2010-11,G
   Richardson, Quentin,New York,Knicks,8685500,6,43500000,2009-10 (p),F-G
   Richardson, Jason,Phoenix,Suns,12222221,6,70000000,2010-11,G
   Richardson, Jeremy,Orlando,Magic,769431,1,305798,2007-08,G-F
   Ridnour, Luke,Milwaukee,Bucks,6500000,3,18000000,2009-10,G
   Roberson, Anthony,New York,Knicks,797581,2,1658968,2009-10,G
   Robinson, Nate,New York,Knicks,2020179,4,5580000,2008-09 (t),G
   Rodriguez , Sergio,Portland,Trail Blazers,1048800,4,4833000,2009-10 (t),G
   Rondo , Rajon,Boston,Celtics,1315080,4,5783000,2009-10 (t),G
   Rose, Malik,New York,Knicks,7647500,7,42000000,2007-08 (p),F
   Rose, Derrick,Chicago,Bulls,4822800,5,31638968,2012-13,G
   Ross, Quinton,Memphis,Grizzlies,797581,4,2800000,2007-08 (t),F-G
   Roy , Brandon,Portland,Trail Blazers,3084240,4,12560000,2009-10 (t),G
   Ruffin, Michael,Chicago,Bulls,1141838,1,770610,2007-08,F-C
   Rush, Kareem,Philadelphia,76ers,998398,1,770610,2007-08,G
   Rush, Brandon,Indiana,Pacers,1799160,5,12848076,2012-13,G
   Salmons, John,Sacramento,Kings,5104000,5,25500000,2010-11,F-G
   Samb, Cheick,Los Angeles,Clippers,711517,1,711517,2008-09,C
   Scalabrine, Brian,Boston,Celtics,3206897,5,15000000,2009-10,F-C
   Scola, Luis,Houston,Rockets,3150000,4,9450000,2010-11,F-C
   Sean, May,Charlotte,Bobcats,2661026,3,5202180,2007-08,F
   Sefolosha , Thabo,Chicago,Bulls,1931160,4,8180000,2009-10 (t),F-G
   Sene , Mouhamed,Oklahoma City,Thunder,2252400,4,9189000,2009-10 (t),C
   Sessions, Ramon,Milwaukee,Bucks,711517,3,1138680,2009-10,G
   Sharpe, Walter,Detroit,Pistons,442114,2,1178534,2009-10,F
   Simmons, Bobby,New Jersey,Nets,9920000,5,47000000,2009-10,F
   Simmons , Cedric,Chicago,Bulls,1742760,4,7559000,2009-10 (t),F
   Sims, Courtney,Phoenix,Suns,41854,1,41854,2008-09,C
   Singletary, Sean,Charlotte,Bobcats,442114,1,442114,2008-09,G
   Singleton, James,Dallas,Mavericks,711517,1,711517,2008-09,F
   Skinner, Brian,Los Angeles,Clippers,1262275,4,20700000,2007-08 (p),F-C
   Smith, Jason,Philadelphia,76ers,1326360,5,7114359,2011-12 (t),F
   Smith, Josh,Atlanta,Hawks,10000000,5,58000000,2012-13,F
   Smith, J.R.,Denver,Nuggets,4985001,3,16500000,2010-11,G
   Smith, Joe,Oklahoma City,Thunder,4795000,2,10000000,2008-09,F
   Smith , Craig,Minnesota,Timberwolves,2500000,2,5000000,2009-10,F
   Snow, Eric,Cleveland,Cavaliers,7312500,4,25600000,2008-09,G
   Solomon, Willie,Toronto,Raptors,711517,1,711517,2008-09,G
   Songaila, Darius,Washington,Wizards,4234000,5,23000000,2010-11,F
   Speights, Marreese,Philadelphia,76ers,1542600,5,11519458,2012-13,F-C
   Stackhouse, Jerry,Dallas,Mavericks,7000000,3,21000000,2009-10,G-F
   Stevenson, DeShawn,Washington,Wizards,3616071,4,16000000,2010-11 (p),G
   Storey, Awvee,Milwaukee,Bucks,826269,1,770610,2007-08,G-F
   Stoudamire, Damon,Memphis,Grizzlies,1630719,4,17000000,2008-09,G
   Stoudemire, Amare,Phoenix,Suns,15070550,3,49134975,2010-11,F-C
   Stuckey, Rodney,Detroit,Pistons,1687320,5,8930403,2011-12 (t),G
   Swift, Stromile,New Jersey,Nets,6200000,4,22400000,2008-09,F-C
   Swift, Robert,Oklahoma City,Thunder,3579131,4,7895000,2007-08 (t),C
   Szczerbiak, Wally,Cleveland,Cavaliers,13275000,6,65000000,2008-09,G-F
   Taylor, Mike,Los Angeles,Clippers,500000,3,2090809,2010-11,G
   Telfair, Sebastian,Minnesota,Timberwolves,2300000,3,7500000,2010-11,G
   Terry, Jason,Dallas,Mavericks,9696000,6,57000000,2011-12,G
   Thomas, Tim,New York,Knicks,6049400,4,24000000,2009-10,F
   Thomas, Kenny,Sacramento,Kings,8562000,7,50000000,2009-10,F
   Thomas, Etan,Washington,Wizards,6864200,2,14218700,2009-10,C
   Thomas, Kurt,San Antonio,Spurs,4200000,2,8000000,2009-10,C-F
   Thomas , Tyrus,Chicago,Bulls,3749880,4,15260000,2009-10 (t),F
   Thompson, Jason,Sacramento,Kings,1893840,5,13238811,2012-13,F
   Thornton, Al,Los Angeles,Clippers,1776240,5,9243267,2011-12 (t),F
   Tinsley, Jamaal,Indiana,Pacers,6750000,6,39000000,2010-11,G
   Tolliver, Anthony,San Antonio,Spurs,187248,1,187248,2008-09,C
   Tucker, Alando,Phoenix,Suns,1001880,5,5907202,2011-12 (t),F
   Turiaf, Ronny,Golden State,Warriors,4500000,4,17000000,2011-12,F
   Turkoglu, Hedo,Orlando,Magic,6864200,6,36770000,2008-09 (p),F
   Udoka, Ime,San Antonio,Spurs,1080000,2,2000000,2008-09,F-G
   Udrih, Beno,Sacramento,Kings,5585000,5,34000000,2012-13,G
   Ukic, Roko,Toronto,Raptors,1250000,3,4000000,2010-11,G
   Varejao, Anderson,Cleveland,Cavaliers,5784480,3,17000000,2009-10 (p),C-F
   Vaughn, Jacque,San Antonio,Spurs,1262275,2,2500000,2008-09,G
   Villanueva, Charlie,Milwaukee,Bucks,3448050,4,11060000,2008-09 (t),F
   Voskuhl, Jake,Toronto,Raptors,835491,2,4000000,2007-08,C
   Vujacic, Sasha,Los Angeles,Angeles,4524887,3,15000000,2010-11,G
   Wade, Dwyane,Miami,Heat,14410581,4,63000000,2010-11 (p),G
   Wafer, Von,Houston,Rockets,797581,1,770610,2007-08,G
   Walker, Bill,Boston,Celtics,542114,4,3049023,2011-12,G-F
   Walker, Antoine,Memphis,Grizzlies,9052460,1,9052460,2008-09,F
   Wallace, Rasheed,Detroit,Pistons,13680000,6,60000000,2008-09,C-F
   Wallace, Gerald,Charlotte,Bobcats,9500000,6,57000000,2012-13 (p),F
   Walton, Luke,Los Angeles,Angeles,4420000,6,30000000,2012-13,F
   Warrick, Hakim,Memphis,Grizzlies,2119102,4,5978000,2008-09 (t),F
   Watson, CJ,Golden State,Warriors,711517,1,251272,2007-08,G
   Watson, Earl,Oklahoma City,Thunder,6200000,5,29000000,2009-10,G
   Weaver, Kyle,Oklahoma City,Thunder,806452,4,3612904,2011-12,G
   Webster, Martell,Portland,Trail Blazers,3771133,4,20000000,2011-12,G-F
   Weems, Sonny,Denver,Nuggets,442114,1,442114,2008-09,G-F
   West, Delonte,Cleveland,Cavaliers,3850000,3,12500000,2010-11,G
   West, Mario,Atlanta,Hawks,711517,1,711517,2008-09,G
   West, David,New Orleans,Hornets,9862000,5,45000000,2011-12,F
   Westbrook, Russell,Oklahoma City,Thunder,3493680,5,23053162,2012-13,G
   White, D.J.,Oklahoma City,Thunder,964080,5,8112118,2012-13,F
   Wilcox, Chris,Oklahoma City,Thunder,6750000,3,24000000,2008-09,C
   Wilkins, Damien,Oklahoma City,Thunder,3100000,5,15000000,2009-10 (p),G-F
   Wilks, Mike,Orlando,Magic,1040000,1,217584,2007-08,G
   Williams, Maurice,Cleveland,Cavaliers,8353000,4,35013000,2011-12,G
   Williams, Jawad,Cleveland,Cavaliers,239311,1,239311,2008-09,F
   Williams, Louis,Philadelphia,76ers,4500000,5,25000000,2012-13,G
   Williams, Marvin,Atlanta,Hawks,5636142,4,18160000,2008-09(t),F
   Williams, Deron,Utah,Jazz,5069449,4,63700000,2011-12,G
   Williams, Sean,New Jersey,Nets,1522920,5,8101928,2011-12 (t),F-C
   Williams , Shawne,Dallas,Mavericks,1572960,4,6827000,2009-10 (t),F
   Williams , Shelden,Sacramento,Kings,3395760,4,13825000,2009-10 (t),F-C
   Williams , Marcus,Golden State,Warriors,1262520,4,5617000,2009-10 (t),G
   Wright, Antoine,Dallas,Mavericks,1800000,2,4000000,2009-10,G-F
   Wright, Lorenzen,Cleveland,Cavaliers,1262475,2,6000000,2007-08,F-C
   Wright, Julian,New Orleans,Hornets,1869600,5,9561453,2011-12 (t),F
   Wright, Brandan,Golden State,Warriors,2497320,5,12072441,2011-12 (t),F
   Wright, Dorell,Miami,Heat,2612835,2,5000000,2009-10,G-F
   Yao, Ming,Houston,Rockets,15070550,3,49134975,2010-11,C
   Young, Thaddeus,Philadelphia,76ers,1968120,5,9896348,2011-12 (t),F
   Young, Nick,Washington,Wizards,1602960,5,8504857,2011-12 (t),G
   Yue, Sun,Los Angeles,Angeles,442114,2,1178534,2009-10,G
Arenas, Gilbert,Washington,Wizards,14653466,6,111000000,2013-14,G
Francis, Steve,Memphis,Grizzlies,18364000,2,5000000,2009-10,G
Iverson, Allen,Detroit,Pistons,20840625,6,90200000,2008-09,G
Kidd, Jason,Dallas,Mavericks,21372000,6,103570000,2008-09,G
O'Neal, Shaquille,Phoenix,Suns,20000000,5,100000000,2009-10,C